Run,F1_Macro_gpt35,Accuracy_gpt35,F1_Macro_gpt4,Accuracy_gpt4
answerPrompt2,0.9145129224652088,0.914,0.8966244725738397,0.902
answerPrompt4,0.9072781655034896,0.907,0.9366053169734151,0.938
answerPrompt6,0.9233870967741935,0.924,0.9355168884339816,0.937
answerPrompt8,0.927536231884058,0.925,0.945973496432212,0.947
answerPrompt10,0.8765880217785844,0.864,0.9240246406570842,0.926
