Run,F1_Macro_gpt35,Accuracy_gpt35,F1_Macro_gpt4,Accuracy_gpt4
answerPrompt2,0.5847405805942939,0.6084867894315452,0.7409009223821424,0.7566052842273819
answerPrompt4,0.5520451103841633,0.5812650120096077,0.7241968497791884,0.7397918334667735
answerPrompt6,0.568754728879484,0.5996797437950361,0.7323058125139021,0.745396317053643
answerPrompt8,0.5639073177534716,0.6156925540432346,0.743031805281022,0.7566052842273819
answerPrompt10,0.5646521301035831,0.6052842273819056,0.7361678960319081,0.7502001601281025
