Run,F1_Macro_gpt4,Accuracy_gpt4
answerPrompt2,0.7400922467944611,0.7568438003220612
answerPrompt4,0.7232812252143258,0.7399355877616747
answerPrompt6,0.731528521944509,0.7455716586151369
answerPrompt8,0.7422279380947004,0.7568438003220612
answerPrompt10,0.735321808040912,0.750402576489533
answerOLD,0.5620325539727192,0.6038647342995169
