Run,F1_Macro_gpt4,F1_Micro_gpt4,Accuracy_TOP1_gpt4,Accuracy_TOP3_gpt4
answerPrompt2,0.2054733640461647,0.26021634615384615,0.26021634615384615,0.46274038461538464
answerPrompt4,0.21650378829646072,0.2998798076923077,0.2998798076923077,0.5042067307692307
answerPrompt6,0.225130271246125,0.30528846153846156,0.30528846153846156,0.5138221153846154
answerPrompt8,0.23065643146125797,0.31490384615384615,0.31490384615384615,0.5090144230769231
answerPrompt10,0.23121101893809679,0.3088942307692308,0.3088942307692308,0.5096153846153846
answerOLD,0.1819222185847527,0.29507211538461536,0.29507211538461536,0.5066105769230769
