Run,F1_Macro_gpt35,F1_Micro_gpt35,Accuracy_TOP1_gpt35,Accuracy_TOP3_gpt35,F1_Macro_gpt4,F1_Micro_gpt4,Accuracy_TOP1_gpt4,Accuracy_TOP3_gpt4
answerPrompt2,0.17027592524453855,0.24309723889555823,0.24309723889555823,0.46218487394957986,0.206044122314281,0.26110444177671066,0.26110444177671066,0.46338535414165666
answerPrompt4,0.1644693582385838,0.21728691476590636,0.21728691476590636,0.43217286914765907,0.21703921928535547,0.3007202881152461,0.3007202881152461,0.5048019207683073
answerPrompt6,0.1807637140042105,0.22929171668667467,0.22929171668667467,0.44417767106842737,0.22573903400013337,0.30612244897959184,0.30612244897959184,0.514405762304922
answerPrompt8,0.1826870425863579,0.22388955582232895,0.22388955582232895,0.4597839135654262,0.23120373859371796,0.3157262905162065,0.3157262905162065,0.5096038415366146
answerPrompt10,0.17603372491400834,0.2184873949579832,0.2184873949579832,0.42737094837935174,0.23179627400448394,0.3097238895558223,0.3097238895558223,0.5102040816326531
