Run,F1_Macro_gpt4,Accuracy_gpt4
answerPrompt2,0.9062766820517341,0.9065326633165829
answerPrompt4,0.9396604002425712,0.9396984924623115
answerPrompt6,0.9396604002425712,0.9396984924623115
answerPrompt8,0.9497263496580381,0.949748743718593
answerPrompt10,0.9306058832626303,0.9306532663316583
answerOLD,0.864675863524903,0.8653266331658291
