Run,F1_Macro_gpt35,Accuracy_gpt35,F1_Macro_gpt4,Accuracy_gpt4
answerPrompt2,0.7199881102643744,0.805,0.718889083906614,0.803
answerPrompt4,0.7871030290325962,0.87,0.7888239116309292,0.87
answerPrompt6,0.7674788979136805,0.854,0.7989495529535309,0.879
answerPrompt8,0.7372212773998489,0.822,0.8209470845972363,0.898
answerPrompt10,0.7770033482052026,0.863,0.8310701526119431,0.906
