Run,F1_Macro_gpt35,Accuracy_gpt35,F1_Macro_gpt4,Accuracy_gpt4
answerPrompt2,0.8335287221570926,0.7277085330776606,0.8960526315789473,0.8485139022051774
answerPrompt4,0.8426150121065376,0.75071907957814,0.8929266709928618,0.8418024928092043
answerPrompt6,0.861323155216285,0.7909875359539789,0.8988326848249028,0.850431447746884
answerPrompt8,0.8514469453376206,0.7785234899328859,0.8923476005188068,0.840843720038351
answerPrompt10,0.8536428110896196,0.7823585810162992,0.8949771689497718,0.8456375838926175
answerOLD,0.0,0.0,0.8581560283687943,0.8082454458293384
