Run,F1_Macro_gpt4,Accuracy_gpt4
answerPrompt2,0.959656060661031,0.9811151079136691
answerPrompt4,0.959656060661031,0.9811151079136691
answerPrompt6,0.9558137807239864,0.97931654676259
answerPrompt8,0.9589635448243139,0.9811151079136691
answerPrompt10,0.9576160776160776,0.9802158273381295
answerOLD,0.8267576059637207,0.8983812949640287
