Run,F1_Macro_gpt35,Accuracy_gpt35,F1_Macro_gpt4,Accuracy_gpt4
answerPrompt2,0.8011363636363636,0.9372197309417041,0.9302325581395349,0.9811659192825112
answerPrompt4,0.5454545454545455,0.7847533632286996,0.9302325581395349,0.9811659192825112
answerPrompt6,0.5906313645621181,0.8197309417040358,0.9235880398671096,0.979372197309417
answerPrompt8,0.48585690515806984,0.7228699551569506,0.9288135593220338,0.9811659192825112
answerPrompt10,0.5078809106830122,0.747982062780269,0.9266666666666667,0.9802690582959641
