Run,F1_Macro_gpt4,Accuracy_gpt4
answerPrompt2,0.7187968788157176,0.8014184397163121
answerPrompt4,0.7905875800612643,0.8703140830800405
answerPrompt6,0.8008491460215779,0.8794326241134752
answerPrompt8,0.821807079668164,0.8976697061803445
answerPrompt10,0.8320239801044189,0.9057750759878419
answerOLD,0.6910487622767216,0.779128672745694
