Run,F1_Macro_gpt35,Accuracy_gpt35,F1_Macro_gpt4,Accuracy_gpt4
answerPrompt2,0.5993730407523512,0.6197183098591549,0.9141129032258064,0.9154929577464789
answerPrompt4,0.6166943521594684,0.6338028169014085,0.90014064697609,0.9014084507042254
answerPrompt6,0.662951496388029,0.676056338028169,0.9141129032258064,0.9154929577464789
answerPrompt8,0.6336429308565532,0.647887323943662,0.9141129032258064,0.9154929577464789
answerPrompt10,0.6115319865319866,0.6338028169014085,0.9141129032258064,0.9154929577464789
answerOLD,0.0,0.0,0.8163184079601989,0.8169014084507042
