Run,Average F1_Macro_GPT35,Average F1_Macro_GPT4,Accuracy_GPT35,Accuracy_GPT4
answerPrompt2_int,0.18854083327239862,0.2008768939830812,"[0.966, 0.955, 0.973, 0.99, 0.99, 0.332, 0.985, 0.98]","[0.984, 0.993, 0.985, 0.981, 0.984, 0.31, 0.983, 0.985]"
answerPrompt4_int,0.20885270446153337,0.2166829870971353,"[0.979, 0.961, 0.976, 0.992, 0.991, 0.428, 0.988, 0.971]","[0.995, 0.996, 0.973, 0.983, 0.986, 0.407, 0.986, 0.985]"
answerPrompt6_int,0.18092167782287755,0.22236276560379623,"[0.981, 0.963, 0.978, 0.991, 0.991, 0.325, 0.989, 0.974]","[0.996, 0.993, 0.968, 0.982, 0.985, 0.459, 0.987, 0.988]"
answerPrompt8_int,0.20215726989607402,0.2210656700176119,"[0.976, 0.962, 0.978, 0.995, 0.99, 0.349, 0.988, 0.982]","[0.995, 0.986, 0.967, 0.981, 0.984, 0.474, 0.987, 0.984]"
answerPrompt10_int,0.1947559944583367,0.2190047042291353,"[0.979, 0.969, 0.979, 0.994, 0.99, 0.348, 0.989, 0.979]","[0.995, 0.99, 0.97, 0.98, 0.983, 0.46, 0.987, 0.984]"
answerOLD_int,0.1947559944583367,0.1275032149293027,"[0.979, 0.969, 0.979, 0.994, 0.99, 0.348, 0.989, 0.979]","[0.966, 0.969, 0.996, 0.979, 0.986, 0.114, 0.994, 0.982]"
