Run,F1_Macro_gpt4,Accuracy_gpt4
answerPrompt2_int,0.20065158836563665,0.17607223476297967
answerPrompt4_int,0.2155282015482993,0.22686230248307
answerPrompt6_int,0.22063619836805104,0.24153498871331827
answerPrompt8_int,0.21965227529932824,0.2381489841986456
answerPrompt10_int,0.2164909457015222,0.22573363431151242
answerOLD_int,0.12930298287138006,0.04853273137697517
