Run,F1_Macro_gpt35,Accuracy_gpt35,F1_Macro_gpt4,Accuracy_gpt4
answerPrompt2,0.5604078352715637,0.5737896169550846,0.7047835085371204,0.7056192883531013
answerPrompt4,0.5322825385979945,0.5518180050554151,0.700819232146857,0.7093136301769395
answerPrompt6,0.5031505228719123,0.5236243437682286,0.7022099826571061,0.7073692397433404
answerPrompt8,0.47270435511602144,0.49465292630760255,0.7003606493195931,0.7034804588761423
answerPrompt10,0.4968433354897293,0.5107913669064749,0.7109492505422663,0.7170911919113357
answerOLD,0.0,0.0,0.6332287943209173,0.6330935251798561
