Run,F1_Macro_gpt35,Accuracy_gpt35,F1_Macro_gpt4,Accuracy_gpt4
answerPrompt2,0.7895365244762835,0.7978339350180506,0.9238662391204764,0.924187725631769
answerPrompt4,0.7826194704886209,0.7942238267148014,0.9057823129251701,0.9061371841155235
answerPrompt6,0.800510918157977,0.8086642599277978,0.9166895505603285,0.9169675090252708
answerPrompt8,0.8011054963217862,0.8086642599277978,0.9167548639149126,0.9169675090252708
answerPrompt10,0.7970530771735591,0.8050541516245487,0.9130298273155416,0.9133574007220217
answerOLD,0.0,0.0,0.878819614757467,0.8808664259927798
