Run,F1_Macro_gpt35,Accuracy_gpt35,F1_Macro_gpt4,Accuracy_gpt4
answerPrompt2_int,0.323681642046788,0.157,0.32211644899594605,0.245
answerPrompt4_int,0.3612648167763,0.167,0.32972558399087426,0.248
answerPrompt6_int,0.3255438301609995,0.188,0.35622707321302155,0.257
answerPrompt8_int,0.33733923159593265,0.194,0.3619639576582407,0.263
answerPrompt10_int,0.30642471897487095,0.185,0.356371351825817,0.261
answerOLD_int,0.0,0.0,0.27810354125768794,0.23
