Run,F1_Macro_gpt35,Accuracy_gpt35,F1_Macro_gpt4,Accuracy_gpt4
answerPrompt2,0.3906633906633906,0.504,0.39857651245551595,0.493
answerPrompt4,0.48114169215086644,0.491,0.4590163934426229,0.505
answerPrompt6,0.483248730964467,0.491,0.4342984409799555,0.492
answerPrompt8,0.47227926078028754,0.486,0.46002190580503827,0.507
answerPrompt10,0.5350553505535055,0.496,0.49001051524710826,0.515
