Run,F1_Macro_gpt4,Accuracy_gpt4
answerPrompt2,0.4794871071223623,0.4919191919191919
answerPrompt4,0.4997637876142549,0.503030303030303
answerPrompt6,0.4847464544434241,0.4898989898989899
answerPrompt8,0.5016314353343415,0.5050505050505051
answerPrompt10,0.5130438873044133,0.5141414141414141
answerOLD,0.49877211698078855,0.5
